model,accuracy,precision,recall,f1
small_GaussianNB,0.6557881773399015,0.6563658838071693,0.6539408866995073,0.6551511412708205
small_LogReg,0.6841133004926109,0.6674132138857782,0.7339901477832512,0.6991202346041056
small_LinearSVC,0.7062807881773399,0.6927502876869965,0.7413793103448276,0.7162403331350387
small_DecisionTree,0.6330049261083743,0.6301204819277109,0.6440886699507389,0.6370280146163215
big_GaussianNB,0.6071428571428571,0.6542553191489362,0.4544334975369458,0.5363372093023255
big_LogReg,0.7050492610837439,0.6915995397008056,0.7401477832512315,0.7150505651397977
big_LinearSVC,0.7210591133004927,0.7051428571428572,0.7598522167487685,0.7314759928867812
big_DecisionTree,0.6483990147783252,0.6511919698870765,0.6391625615763546,0.6451211932877564
